coef,estimate,se,t,p,df
intercept,0.776597148000741,1.0822724733675742,0.7175615818669943,0.47823354469108215,32
compute-parity-flag_unclear,0.20474332887401556,0.33452607370159076,0.6120399722762834,0.5448359002248231,32
compute-parity-flag_yes,-0.028067658636794675,0.324630133542868,-0.08646042291415405,0.9316391629450784,32
sa-accuracy,-0.7694951682569671,0.5556823385874079,-1.3847752840464387,0.17570103610669063,32
backbone-family_GPT,0.2697125880886281,0.7071825926017736,0.3813903098156543,0.705434354040726,32
backbone-family_Gemini,0.29656319010529536,0.7847538725618929,0.37790599125957886,0.7079956616304173,32
backbone-family_Qwen,-0.2630423611099171,0.770449743919388,-0.3414140418449398,0.7350237257758325,32
backbone-family_other,-0.0699667447012697,0.7465018020992994,-0.093726156460052,0.925911086721185,32
n-agents,0.004816279866653797,0.23397831074203052,0.020584300533582015,0.9837050821749447,32
