k,pooled-lor,se,ci-lo,ci-hi,pi-lo,pi-hi,tau2,tau,i2,q,df,p-q,label
41,0.4498810596044462,0.10814484097500318,0.23131218292128183,0.6684499362876105,-0.7412510869625835,1.641013206171476,0.3350901225394214,0.5788696939203342,96.06538151644457,1016.6169901142465,40,0.0,Full sample
9,0.3064202047962745,0.1304349631720256,0.005636640346380395,0.6072037692461687,-0.447324537267088,1.060164946859637,0.08459388033536987,0.29085027133453023,85.24208664651366,54.20820551240132,8,6.290440612843895e-09,Compute-parity only
29,0.40504959804900054,0.1467313582485781,0.10448403588729649,0.7056151602107046,-1.0379849429245975,1.8480841390225986,0.4730885540728582,0.6878143311045927,97.07835813815171,958.3652385883698,28,0.0,2025+ only
16,0.42438923509742693,0.13837536116164031,0.12944913443277883,0.719329335762075,-0.6076750849016166,1.4564535550964706,0.21240254306427708,0.4608715038535981,85.56706548000948,103.92896870157665,15,2.3314683517128287e-15,High-RoB removed
10,0.34924183328396113,0.06926565875678335,0.19255202719136746,0.5059316393765548,0.044557184233295466,0.6539264823346268,0.012659725632492763,0.11251544619514586,54.39206370015878,19.73340767017194,9,0.019630836322256706,Verified studies only
36,0.4821807286805006,0.12636046164153603,0.225655353684645,0.7387061036763563,-0.8618738288640393,1.8262352862250406,0.4214361551992743,0.6491811420545689,96.2451526022139,932.1284273932552,35,0.0,Non-aggregated benchmarks
37,0.46489581266961977,0.12243139981597045,0.21659342517121108,0.7131982001680285,-0.8482226357138359,1.7780142610530754,0.40338923801471005,0.6351293081056093,96.42419119741585,1006.765237950747,36,0.0,Accuracy metrics only
28,0.3962286300213226,0.13173820057256744,0.12592416990032823,0.666533090142317,-0.8004051501873796,1.5928624102300248,0.3215478138274587,0.5670518616735675,96.85906695646463,859.6171782639918,27,0.0,Exact n-items only
39,0.42608263554810416,0.11255080864367259,0.19823543538628052,0.6539298357099278,-0.7831119489414557,1.6352772200376642,0.3434807140335535,0.58607227714127,96.05632948505128,963.5693412002539,38,0.0,Unverifiable removed
